{
    "loss": 1.7869242429733276,
    "accuracy": 0.8275862336158752
}